"Time range","Instance Id","Deployment name","SKU Name","Display name","Usage type","Quantity","Display quantity","Unit","Unit price","Total","Product family"
"2025-10-28 - 2025-10-28","177d58a0b4254e949827caa4e53b9bcf","Sunflower","Cloud-Enterprise_gcp.es.datafrozen.n2.68x10x90_gcp-us-central1_16384_1","Cloud Enterprise, GCP us-central1 (Iowa), gcp.es.datafrozen.n2.68x10x90, 16GB, 1AZ","RAM Hours","24","24","hour","0.9184","22.0416","deployment"
"2025-10-28 - 2025-10-28","177d58a0b4254e949827caa4e53b9bcf","Sunflower","Cloud-Enterprise_gcp.es.datahot.n2.68x10x45_gcp-us-central1_8192_2","Cloud Enterprise, GCP us-central1 (Iowa), gcp.es.datahot.n2.68x10x45, 8GB, 2AZ","RAM Hours","24","24","hour","0.8944","21.4656","deployment"
"2025-10-28 - 2025-10-28","177d58a0b4254e949827caa4e53b9bcf","Sunflower","Cloud-Enterprise_gcp.es.datawarm.n2.68x10x190_gcp-us-central1_16384_2","Cloud Enterprise, GCP us-central1 (Iowa), gcp.es.datawarm.n2.68x10x190, 16GB, 2AZ","RAM Hours","24","24","hour","2.288","54.912","deployment"
"2025-10-28 - 2025-10-28","177d58a0b4254e949827caa4e53b9bcf","Sunflower","Cloud-Enterprise_gcp.kibana.n2.68x32x45_gcp-us-central1_2048_2","Cloud Enterprise, GCP us-central1 (Iowa), gcp.kibana.n2.68x32x45, 2GB, 2AZ","RAM Hours","24","24","hour","0.2804","6.7296","deployment"
"2025-10-28 - 2025-10-28","177d58a0b4254e949827caa4e53b9bcf","Sunflower","gcp.data-transfer-in","GCP Data Transfer In","data-transfer-in","72.56338143441826105117797852","72.56338143441826105117797852","GB","0","0","deployment"
"2025-10-28 - 2025-10-28","177d58a0b4254e949827caa4e53b9bcf","Sunflower","gcp.data-transfer-out","GCP Data Transfer Out","data-transfer-out","2.158527312800288200378417969","2.158527312800288200378417969","GB","0.05","0.1079","deployment"
"2025-10-28 - 2025-10-28","177d58a0b4254e949827caa4e53b9bcf","Sunflower","gcp.data-transfer-inter-node","GCP Data Transfer Inter-Node","data-transfer-inter-node","289.3106178361922502517700195","289.3106178361922502517700195","GB","0.016","4.629","deployment"
"2025-10-28 - 2025-10-28","177d58a0b4254e949827caa4e53b9bcf","Sunflower","gcp.snapshot-storage","GCP Snapshot Storage","snapshot-storage","279.9121719509180414900984815","279.9121719509180414900984815","GB","0.033","9.2371","deployment"
"2025-10-28 - 2025-10-28","177d58a0b4254e949827caa4e53b9bcf","Sunflower","gcp.snapshot-api-1k","GCP Snapshot Storage API","snapshot-api-1k","272","272","1000 API Calls","0.0018","0.4896","deployment"
"2025-10-28 - 2025-10-28","177d58a0b4254e949827caa4e53b9bcf","Sunflower","global.synthetics-browser","Synthetics Browser","synthetics-browser","0","0","test","0.0123","0","deployment"
"2025-10-28 - 2025-10-28","177d58a0b4254e949827caa4e53b9bcf","Sunflower","global.synthetics-lightweight","Synthetics Lightweight","synthetics-lightweight","0","0","region","28","0","deployment"
"2025-10-28 - 2025-10-28","22b008e570b04dd2ac2689f01a009ef8","Moriah","Cloud-Enterprise_gcp.integrationsserver.n2.68x32x45.2_gcp-us-central1_1024_1","Cloud Enterprise, GCP us-central1 (Iowa), gcp.integrationsserver.n2.68x32x45.2, 1GB, 1AZ","RAM Hours","24","24","hour","0","0","deployment"
"2025-10-28 - 2025-10-28","22b008e570b04dd2ac2689f01a009ef8","Moriah","Cloud-Enterprise_gcp.es.datahot.n2.68x10x45_gcp-us-central1_8192_2","Cloud Enterprise, GCP us-central1 (Iowa), gcp.es.datahot.n2.68x10x45, 8GB, 2AZ","RAM Hours","24","24","hour","0.8944","21.4656","deployment"
"2025-10-28 - 2025-10-28","22b008e570b04dd2ac2689f01a009ef8","Moriah","Cloud-Enterprise_gcp.es.datawarm.n2.68x10x190_gcp-us-central1_8192_2","Cloud Enterprise, GCP us-central1 (Iowa), gcp.es.datawarm.n2.68x10x190, 8GB, 2AZ","RAM Hours","24","24","hour","1.144","27.456","deployment"
"2025-10-28 - 2025-10-28","22b008e570b04dd2ac2689f01a009ef8","Moriah","Cloud-Enterprise_gcp.kibana.n2.68x32x45_gcp-us-central1_2048_1","Cloud Enterprise, GCP us-central1 (Iowa), gcp.kibana.n2.68x32x45, 2GB, 1AZ","RAM Hours","24","24","hour","0.1402","3.3648","deployment"
"2025-10-28 - 2025-10-28","22b008e570b04dd2ac2689f01a009ef8","Moriah","gcp.data-transfer-in","GCP Data Transfer In","data-transfer-in","16.10575597733259201049804688","16.10575597733259201049804688","GB","0","0","deployment"
"2025-10-28 - 2025-10-28","22b008e570b04dd2ac2689f01a009ef8","Moriah","gcp.data-transfer-out","GCP Data Transfer Out","data-transfer-out","0.8106783470138907432556152344","0.8106783470138907432556152344","GB","0.05","0.0405","deployment"
"2025-10-28 - 2025-10-28","22b008e570b04dd2ac2689f01a009ef8","Moriah","gcp.data-transfer-inter-node","GCP Data Transfer Inter-Node","data-transfer-inter-node","47.91801674850285053253173828","47.91801674850285053253173828","GB","0.016","0.7667","deployment"
"2025-10-28 - 2025-10-28","22b008e570b04dd2ac2689f01a009ef8","Moriah","gcp.snapshot-storage","GCP Snapshot Storage","snapshot-storage","34.18197272141509118580049085","34.18197272141509118580049085","GB","0.033","1.128","deployment"
"2025-10-28 - 2025-10-28","22b008e570b04dd2ac2689f01a009ef8","Moriah","gcp.snapshot-api-1k","GCP Snapshot Storage API","snapshot-api-1k","153","153","1000 API Calls","0.0018","0.2754","deployment"
"2025-10-28 - 2025-10-28","22b008e570b04dd2ac2689f01a009ef8","Moriah","global.synthetics-browser","Synthetics Browser","synthetics-browser","0","0","test","0.0123","0","deployment"
"2025-10-28 - 2025-10-28","22b008e570b04dd2ac2689f01a009ef8","Moriah","global.synthetics-lightweight","Synthetics Lightweight","synthetics-lightweight","0","0","region","28","0","deployment"
"2025-10-28 - 2025-10-28","2878e1279dad4d2b933ff003a48874a3","Sierra","Cloud-Enterprise_gcp.integrationsserver.n2.68x32x45.2_gcp-us-central1_1024_1","Cloud Enterprise, GCP us-central1 (Iowa), gcp.integrationsserver.n2.68x32x45.2, 1GB, 1AZ","RAM Hours","24","24","hour","0","0","deployment"
"2025-10-28 - 2025-10-28","2878e1279dad4d2b933ff003a48874a3","Sierra","Cloud-Enterprise_gcp.es.datafrozen.n2.68x10x90_gcp-us-central1_4096_1","Cloud Enterprise, GCP us-central1 (Iowa), gcp.es.datafrozen.n2.68x10x90, 4GB, 1AZ","RAM Hours","24","24","hour","0.2296","5.5104","deployment"
"2025-10-28 - 2025-10-28","2878e1279dad4d2b933ff003a48874a3","Sierra","Cloud-Enterprise_gcp.es.datahot.n2.68x10x45_gcp-us-central1_8192_2","Cloud Enterprise, GCP us-central1 (Iowa), gcp.es.datahot.n2.68x10x45, 8GB, 2AZ","RAM Hours","24","24","hour","0.8944","21.4656","deployment"
"2025-10-28 - 2025-10-28","2878e1279dad4d2b933ff003a48874a3","Sierra","Cloud-Enterprise_gcp.es.datawarm.n2.68x10x190_gcp-us-central1_2048_2","Cloud Enterprise, GCP us-central1 (Iowa), gcp.es.datawarm.n2.68x10x190, 2GB, 2AZ","RAM Hours","24","24","hour","0.286","6.864","deployment"
"2025-10-28 - 2025-10-28","2878e1279dad4d2b933ff003a48874a3","Sierra","Cloud-Enterprise_gcp.kibana.n2.68x32x45_gcp-us-central1_1024_1","Cloud Enterprise, GCP us-central1 (Iowa), gcp.kibana.n2.68x32x45, 1GB, 1AZ","RAM Hours","24","24","hour","0","0","deployment"
"2025-10-28 - 2025-10-28","2878e1279dad4d2b933ff003a48874a3","Sierra","gcp.data-transfer-in","GCP Data Transfer In","data-transfer-in","13.15289931558072566986083984","13.15289931558072566986083984","GB","0","0","deployment"
"2025-10-28 - 2025-10-28","2878e1279dad4d2b933ff003a48874a3","Sierra","gcp.data-transfer-out","GCP Data Transfer Out","data-transfer-out","0.3889646949246525764465332031","0.3889646949246525764465332031","GB","0.05","0.0194","deployment"
"2025-10-28 - 2025-10-28","2878e1279dad4d2b933ff003a48874a3","Sierra","gcp.data-transfer-inter-node","GCP Data Transfer Inter-Node","data-transfer-inter-node","73.69675165880471467971801758","73.69675165880471467971801758","GB","0.016","1.1791","deployment"
"2025-10-28 - 2025-10-28","2878e1279dad4d2b933ff003a48874a3","Sierra","gcp.snapshot-storage","GCP Snapshot Storage","snapshot-storage","10.54529140997172323285892445","10.54529140997172323285892445","GB","0.033","0.348","deployment"
"2025-10-28 - 2025-10-28","2878e1279dad4d2b933ff003a48874a3","Sierra","gcp.snapshot-api-1k","GCP Snapshot Storage API","snapshot-api-1k","131","131","1000 API Calls","0.0018","0.2358","deployment"
"2025-10-28 - 2025-10-28","2878e1279dad4d2b933ff003a48874a3","Sierra","global.synthetics-browser","Synthetics Browser","synthetics-browser","0","0","test","0.0123","0","deployment"
"2025-10-28 - 2025-10-28","2878e1279dad4d2b933ff003a48874a3","Sierra","global.synthetics-lightweight","Synthetics Lightweight","synthetics-lightweight","0","0","region","28","0","deployment"
"2025-10-28 - 2025-10-28","40536c37b3114ba4a0821c6b433bf727","Denali","Cloud-Enterprise_gcp.integrationsserver.n2.68x32x45.2_gcp-us-central1_1024_1","Cloud Enterprise, GCP us-central1 (Iowa), gcp.integrationsserver.n2.68x32x45.2, 1GB, 1AZ","RAM Hours","24","24","hour","0","0","deployment"
"2025-10-28 - 2025-10-28","40536c37b3114ba4a0821c6b433bf727","Denali","Cloud-Enterprise_gcp.es.datafrozen.n2.68x10x90_gcp-us-central1_4096_1","Cloud Enterprise, GCP us-central1 (Iowa), gcp.es.datafrozen.n2.68x10x90, 4GB, 1AZ","RAM Hours","24","24","hour","0.2296","5.5104","deployment"
"2025-10-28 - 2025-10-28","40536c37b3114ba4a0821c6b433bf727","Denali","Cloud-Enterprise_gcp.es.datahot.n2.68x10x45_gcp-us-central1_4096_2","Cloud Enterprise, GCP us-central1 (Iowa), gcp.es.datahot.n2.68x10x45, 4GB, 2AZ","RAM Hours","24","24","hour","0.4472","10.7328","deployment"
"2025-10-28 - 2025-10-28","40536c37b3114ba4a0821c6b433bf727","Denali","Cloud-Enterprise_gcp.es.datawarm.n2.68x10x190_gcp-us-central1_2048_2","Cloud Enterprise, GCP us-central1 (Iowa), gcp.es.datawarm.n2.68x10x190, 2GB, 2AZ","RAM Hours","24","24","hour","0.286","6.864","deployment"
"2025-10-28 - 2025-10-28","40536c37b3114ba4a0821c6b433bf727","Denali","Cloud-Enterprise_gcp.kibana.n2.68x32x45_gcp-us-central1_1024_1","Cloud Enterprise, GCP us-central1 (Iowa), gcp.kibana.n2.68x32x45, 1GB, 1AZ","RAM Hours","24","24","hour","0","0","deployment"
"2025-10-28 - 2025-10-28","40536c37b3114ba4a0821c6b433bf727","Denali","gcp.data-transfer-in","GCP Data Transfer In","data-transfer-in","10.43025199696421623229980469","10.43025199696421623229980469","GB","0","0","deployment"
"2025-10-28 - 2025-10-28","40536c37b3114ba4a0821c6b433bf727","Denali","gcp.data-transfer-out","GCP Data Transfer Out","data-transfer-out","0.3562686126679182052612304688","0.3562686126679182052612304688","GB","0.05","0.0178","deployment"
"2025-10-28 - 2025-10-28","40536c37b3114ba4a0821c6b433bf727","Denali","gcp.data-transfer-inter-node","GCP Data Transfer Inter-Node","data-transfer-inter-node","38.11931371595710515975952148","38.11931371595710515975952148","GB","0.016","0.6099","deployment"
"2025-10-28 - 2025-10-28","40536c37b3114ba4a0821c6b433bf727","Denali","gcp.snapshot-storage","GCP Snapshot Storage","snapshot-storage","18.33423818763025024885772377","18.33423818763025024885772377","GB","0.033","0.605","deployment"
"2025-10-28 - 2025-10-28","40536c37b3114ba4a0821c6b433bf727","Denali","gcp.snapshot-api-1k","GCP Snapshot Storage API","snapshot-api-1k","148","148","1000 API Calls","0.0018","0.2664","deployment"
"2025-10-28 - 2025-10-28","40536c37b3114ba4a0821c6b433bf727","Denali","global.synthetics-browser","Synthetics Browser","synthetics-browser","0","0","test","0.0123","0","deployment"
"2025-10-28 - 2025-10-28","40536c37b3114ba4a0821c6b433bf727","Denali","global.synthetics-lightweight","Synthetics Lightweight","synthetics-lightweight","0","0","region","28","0","deployment"
"2025-10-28 - 2025-10-28","41ea557e87604a5c8762dccc55eddf62","Haystack","Cloud-Enterprise_gcp.integrationsserver.n2.68x32x45.2_gcp-us-central1_1024_1","Cloud Enterprise, GCP us-central1 (Iowa), gcp.integrationsserver.n2.68x32x45.2, 1GB, 1AZ","RAM Hours","24","24","hour","0","0","deployment"
"2025-10-28 - 2025-10-28","41ea557e87604a5c8762dccc55eddf62","Haystack","Cloud-Enterprise_gcp.es.datafrozen.n2.68x10x90_gcp-us-central1_4096_1","Cloud Enterprise, GCP us-central1 (Iowa), gcp.es.datafrozen.n2.68x10x90, 4GB, 1AZ","RAM Hours","24","24","hour","0.2296","5.5104","deployment"
"2025-10-28 - 2025-10-28","41ea557e87604a5c8762dccc55eddf62","Haystack","Cloud-Enterprise_gcp.es.datahot.n2.68x10x45_gcp-us-central1_4096_2","Cloud Enterprise, GCP us-central1 (Iowa), gcp.es.datahot.n2.68x10x45, 4GB, 2AZ","RAM Hours","18","18","hour","0.4472","8.0496","deployment"
"2025-10-28 - 2025-10-28","41ea557e87604a5c8762dccc55eddf62","Haystack","Cloud-Enterprise_gcp.es.datahot.n2.68x10x45_gcp-us-central1_8192_2","Cloud Enterprise, GCP us-central1 (Iowa), gcp.es.datahot.n2.68x10x45, 8GB, 2AZ","RAM Hours","6","6","hour","0.8944","5.3664","deployment"
"2025-10-28 - 2025-10-28","41ea557e87604a5c8762dccc55eddf62","Haystack","Cloud-Enterprise_gcp.es.datawarm.n2.68x10x190_gcp-us-central1_8192_2","Cloud Enterprise, GCP us-central1 (Iowa), gcp.es.datawarm.n2.68x10x190, 8GB, 2AZ","RAM Hours","24","24","hour","1.144","27.456","deployment"
"2025-10-28 - 2025-10-28","41ea557e87604a5c8762dccc55eddf62","Haystack","Cloud-Enterprise_gcp.es.ml.n2.68x32x45_gcp-us-central1_1024_1","Cloud Enterprise, GCP us-central1 (Iowa), gcp.es.ml.n2.68x32x45, 1GB, 1AZ","RAM Hours","24","24","hour","0","0","deployment"
"2025-10-28 - 2025-10-28","41ea557e87604a5c8762dccc55eddf62","Haystack","Cloud-Enterprise_gcp.kibana.n2.68x32x45_gcp-us-central1_2048_2","Cloud Enterprise, GCP us-central1 (Iowa), gcp.kibana.n2.68x32x45, 2GB, 2AZ","RAM Hours","24","24","hour","0.2804","6.7296","deployment"
"2025-10-28 - 2025-10-28","41ea557e87604a5c8762dccc55eddf62","Haystack","gcp.data-transfer-in","GCP Data Transfer In","data-transfer-in","13.11677655950188636779785156","13.11677655950188636779785156","GB","0","0","deployment"
"2025-10-28 - 2025-10-28","41ea557e87604a5c8762dccc55eddf62","Haystack","gcp.data-transfer-out","GCP Data Transfer Out","data-transfer-out","0.7637883303686976432800292969","0.7637883303686976432800292969","GB","0.05","0.0382","deployment"
"2025-10-28 - 2025-10-28","41ea557e87604a5c8762dccc55eddf62","Haystack","gcp.data-transfer-inter-node","GCP Data Transfer Inter-Node","data-transfer-inter-node","52.73512650839984416961669922","52.73512650839984416961669922","GB","0.016","0.8438","deployment"
"2025-10-28 - 2025-10-28","41ea557e87604a5c8762dccc55eddf62","Haystack","gcp.snapshot-storage","GCP Snapshot Storage","snapshot-storage","31.16314429562333570693128852","31.16314429562333570693128852","GB","0.033","1.0284","deployment"
"2025-10-28 - 2025-10-28","41ea557e87604a5c8762dccc55eddf62","Haystack","gcp.snapshot-api-1k","GCP Snapshot Storage API","snapshot-api-1k","154","154","1000 API Calls","0.0018","0.2772","deployment"
"2025-10-28 - 2025-10-28","41ea557e87604a5c8762dccc55eddf62","Haystack","global.synthetics-browser","Synthetics Browser","synthetics-browser","0","0","test","0.0123","0","deployment"
"2025-10-28 - 2025-10-28","41ea557e87604a5c8762dccc55eddf62","Haystack","global.synthetics-lightweight","Synthetics Lightweight","synthetics-lightweight","0","0","region","28","0","deployment"
"2025-10-28 - 2025-10-28","423b3c1122434e16aef8ef8ce0a6d07e","everest","Cloud-Enterprise_gcp.data.highio.1_gcp-us-central1_16384_2","Cloud Enterprise Data High I/O 1 GCP US Central (Iowa) 16 GB HA (2 Zones) SSD","RAM Hours","20","20","hour","1.5392","30.784","deployment"
"2025-10-28 - 2025-10-28","423b3c1122434e16aef8ef8ce0a6d07e","everest","Cloud-Enterprise_gcp.data.highio.1_gcp-us-central1_8192_2","Cloud Enterprise Data High I/O 1 GCP US Central (Iowa) 8 GB HA (2 Zones) SSD","RAM Hours","4","4","hour","0.7696","3.0784","deployment"
"2025-10-28 - 2025-10-28","423b3c1122434e16aef8ef8ce0a6d07e","everest","Cloud-Enterprise_gcp.data.highstorage.1_gcp-us-central1_2048_1","Cloud Enterprise Data High Storage 1 GCP US Central (Iowa) 2 GB non-HA SSD","RAM Hours","24","24","hour","0.1218","2.9232","deployment"
"2025-10-28 - 2025-10-28","423b3c1122434e16aef8ef8ce0a6d07e","everest","Cloud-Enterprise_gcp.es.datafrozen.n2d.64x8x95_gcp-us-central1_30720_1","Cloud Enterprise Data Frozen n2d GCP US Central (Iowa) 30 GB non-HA SSD","RAM Hours","24","24","hour","1.587","38.088","deployment"
"2025-10-28 - 2025-10-28","423b3c1122434e16aef8ef8ce0a6d07e","everest","Cloud-Enterprise_gcp.kibana.1_gcp-us-central1_2048_2","Cloud Enterprise Kibana 1 GCP US Central (Iowa) 2 GB HA (2 Zones) SSD","RAM Hours","24","24","hour","0.2072","4.9728","deployment"
"2025-10-28 - 2025-10-28","423b3c1122434e16aef8ef8ce0a6d07e","everest","gcp.data-transfer-in","GCP Data Transfer In","data-transfer-in","18.13606340251863002777099609","18.13606340251863002777099609","GB","0","0","deployment"
"2025-10-28 - 2025-10-28","423b3c1122434e16aef8ef8ce0a6d07e","everest","gcp.data-transfer-out","GCP Data Transfer Out","data-transfer-out","0.6062252484261989593505859375","0.6062252484261989593505859375","GB","0.05","0.0303","deployment"
"2025-10-28 - 2025-10-28","423b3c1122434e16aef8ef8ce0a6d07e","everest","gcp.data-transfer-inter-node","GCP Data Transfer Inter-Node","data-transfer-inter-node","121.9242808697745203971862793","121.9242808697745203971862793","GB","0.016","1.9508","deployment"
"2025-10-28 - 2025-10-28","423b3c1122434e16aef8ef8ce0a6d07e","everest","gcp.snapshot-storage","GCP Snapshot Storage","snapshot-storage","33.36606790432055550877765942","33.36606790432055550877765942","GB","0.033","1.1011","deployment"
"2025-10-28 - 2025-10-28","423b3c1122434e16aef8ef8ce0a6d07e","everest","gcp.snapshot-api-1k","GCP Snapshot Storage API","snapshot-api-1k","90","90","1000 API Calls","0.0018","0.162","deployment"
"2025-10-28 - 2025-10-28","423b3c1122434e16aef8ef8ce0a6d07e","everest","global.synthetics-browser","Synthetics Browser","synthetics-browser","0","0","test","0.0123","0","deployment"
"2025-10-28 - 2025-10-28","423b3c1122434e16aef8ef8ce0a6d07e","everest","global.synthetics-lightweight","Synthetics Lightweight","synthetics-lightweight","0","0","region","28","0","deployment"
"2025-10-28 - 2025-10-28","4dba98e499584b46a4f725b806f83a01","greylock","Cloud-Enterprise_gcp.es.datacold.n2.68x10x190_gcp-us-central1_2048_1","Cloud Enterprise, GCP us-central1 (Iowa), gcp.es.datacold.n2.68x10x190, 2GB, 1AZ","RAM Hours","24","24","hour","0.143","3.432","deployment"
"2025-10-28 - 2025-10-28","4dba98e499584b46a4f725b806f83a01","greylock","Cloud-Enterprise_gcp.es.datafrozen.n2.68x10x95_gcp-us-central1_4096_1","Cloud Enterprise, GCP us-central1 (Iowa), gcp.es.datafrozen.n2.68x10x95, 4GB, 1AZ","RAM Hours","24","24","hour","0.2296","5.5104","deployment"
"2025-10-28 - 2025-10-28","4dba98e499584b46a4f725b806f83a01","greylock","Cloud-Enterprise_gcp.es.datahot.n2.68x10x45_gcp-us-central1_4096_2","Cloud Enterprise, GCP us-central1 (Iowa), gcp.es.datahot.n2.68x10x45, 4GB, 2AZ","RAM Hours","24","24","hour","0.4472","10.7328","deployment"
"2025-10-28 - 2025-10-28","4dba98e499584b46a4f725b806f83a01","greylock","Cloud-Enterprise_gcp.es.datawarm.n2.68x10x190_gcp-us-central1_8192_2","Cloud Enterprise, GCP us-central1 (Iowa), gcp.es.datawarm.n2.68x10x190, 8GB, 2AZ","RAM Hours","24","24","hour","1.144","27.456","deployment"
"2025-10-28 - 2025-10-28","4dba98e499584b46a4f725b806f83a01","greylock","Cloud-Enterprise_gcp.es.master.n2.68x32x45_gcp-us-central1_2048_3","Cloud Enterprise, GCP us-central1 (Iowa), gcp.es.master.n2.68x32x45, 2GB, 3AZ","RAM Hours","24","24","hour","0.4206","10.0944","deployment"
"2025-10-28 - 2025-10-28","4dba98e499584b46a4f725b806f83a01","greylock","Cloud-Enterprise_gcp.kibana.n2.68x32x45_gcp-us-central1_4096_2","Cloud Enterprise, GCP us-central1 (Iowa), gcp.kibana.n2.68x32x45, 4GB, 2AZ","RAM Hours","24","24","hour","0.5608","13.4592","deployment"
"2025-10-28 - 2025-10-28","4dba98e499584b46a4f725b806f83a01","greylock","gcp.data-transfer-in","GCP Data Transfer In","data-transfer-in","19.95674093160778284072875977","19.95674093160778284072875977","GB","0","0","deployment"
"2025-10-28 - 2025-10-28","4dba98e499584b46a4f725b806f83a01","greylock","gcp.data-transfer-out","GCP Data Transfer Out","data-transfer-out","0.7264817170798778533935546875","0.7264817170798778533935546875","GB","0.05","0.0363","deployment"
"2025-10-28 - 2025-10-28","4dba98e499584b46a4f725b806f83a01","greylock","gcp.data-transfer-inter-node","GCP Data Transfer Inter-Node","data-transfer-inter-node","81.56768885720521211624145508","81.56768885720521211624145508","GB","0.016","1.3051","deployment"
"2025-10-28 - 2025-10-28","4dba98e499584b46a4f725b806f83a01","greylock","gcp.snapshot-storage","GCP Snapshot Storage","snapshot-storage","28.49078533598672478429732783","28.49078533598672478429732783","GB","0.033","0.9402","deployment"
"2025-10-28 - 2025-10-28","4dba98e499584b46a4f725b806f83a01","greylock","gcp.snapshot-api-1k","GCP Snapshot Storage API","snapshot-api-1k","217","217","1000 API Calls","0.0018","0.3906","deployment"
"2025-10-28 - 2025-10-28","4dba98e499584b46a4f725b806f83a01","greylock","global.synthetics-browser","Synthetics Browser","synthetics-browser","0","0","test","0.0123","0","deployment"
"2025-10-28 - 2025-10-28","4dba98e499584b46a4f725b806f83a01","greylock","global.synthetics-lightweight","Synthetics Lightweight","synthetics-lightweight","0","0","region","28","0","deployment"
"2025-10-28 - 2025-10-28","554c98c8876f49c7940a74f154013c52","Haku","Cloud-Enterprise_gcp.integrationsserver.n2.68x32x45.2_gcp-us-central1_1024_1","Cloud Enterprise, GCP us-central1 (Iowa), gcp.integrationsserver.n2.68x32x45.2, 1GB, 1AZ","RAM Hours","24","24","hour","0","0","deployment"
"2025-10-28 - 2025-10-28","554c98c8876f49c7940a74f154013c52","Haku","Cloud-Enterprise_gcp.es.datafrozen.n2.68x10x90_gcp-us-central1_4096_1","Cloud Enterprise, GCP us-central1 (Iowa), gcp.es.datafrozen.n2.68x10x90, 4GB, 1AZ","RAM Hours","24","24","hour","0.2296","5.5104","deployment"
"2025-10-28 - 2025-10-28","554c98c8876f49c7940a74f154013c52","Haku","Cloud-Enterprise_gcp.es.datahot.n2.68x10x45_gcp-us-central1_1024_2","Cloud Enterprise, GCP us-central1 (Iowa), gcp.es.datahot.n2.68x10x45, 1GB, 2AZ","RAM Hours","24","24","hour","0.1118","2.6832","deployment"
"2025-10-28 - 2025-10-28","554c98c8876f49c7940a74f154013c52","Haku","Cloud-Enterprise_gcp.es.datawarm.n2.68x10x190_gcp-us-central1_2048_2","Cloud Enterprise, GCP us-central1 (Iowa), gcp.es.datawarm.n2.68x10x190, 2GB, 2AZ","RAM Hours","24","24","hour","0.286","6.864","deployment"
"2025-10-28 - 2025-10-28","554c98c8876f49c7940a74f154013c52","Haku","Cloud-Enterprise_gcp.kibana.n2.68x32x45_gcp-us-central1_1024_1","Cloud Enterprise, GCP us-central1 (Iowa), gcp.kibana.n2.68x32x45, 1GB, 1AZ","RAM Hours","24","24","hour","0","0","deployment"
"2025-10-28 - 2025-10-28","554c98c8876f49c7940a74f154013c52","Haku","gcp.data-transfer-in","GCP Data Transfer In","data-transfer-in","3.344695772975683212280273438","3.344695772975683212280273438","GB","0","0","deployment"
"2025-10-28 - 2025-10-28","554c98c8876f49c7940a74f154013c52","Haku","gcp.data-transfer-out","GCP Data Transfer Out","data-transfer-out","0.1816974570974707603454589844","0.1816974570974707603454589844","GB","0.05","0.0091","deployment"
"2025-10-28 - 2025-10-28","554c98c8876f49c7940a74f154013c52","Haku","gcp.data-transfer-inter-node","GCP Data Transfer Inter-Node","data-transfer-inter-node","17.94513710029423236846923828","17.94513710029423236846923828","GB","0.016","0.2871","deployment"
"2025-10-28 - 2025-10-28","554c98c8876f49c7940a74f154013c52","Haku","gcp.snapshot-storage","GCP Snapshot Storage","snapshot-storage","20.04936538733321652617505802","20.04936538733321652617505802","GB","0.033","0.6616","deployment"
"2025-10-28 - 2025-10-28","554c98c8876f49c7940a74f154013c52","Haku","gcp.snapshot-api-1k","GCP Snapshot Storage API","snapshot-api-1k","89","89","1000 API Calls","0.0018","0.1602","deployment"
"2025-10-28 - 2025-10-28","554c98c8876f49c7940a74f154013c52","Haku","global.synthetics-browser","Synthetics Browser","synthetics-browser","0","0","test","0.0123","0","deployment"
"2025-10-28 - 2025-10-28","554c98c8876f49c7940a74f154013c52","Haku","global.synthetics-lightweight","Synthetics Lightweight","synthetics-lightweight","0","0","region","28","0","deployment"
"2025-10-28 - 2025-10-28","58b2dafd80404fa9accf679bd3f711e8","Wuling","Cloud-Enterprise_gcp.integrationsserver.n2.68x32x45.2_gcp-us-central1_2048_1","Cloud Enterprise, GCP us-central1 (Iowa), gcp.integrationsserver.n2.68x32x45.2, 2GB, 1AZ","RAM Hours","24","24","hour","0.1402","3.3648","deployment"
"2025-10-28 - 2025-10-28","58b2dafd80404fa9accf679bd3f711e8","Wuling","Cloud-Enterprise_gcp.es.datahot.n2.68x10x45_gcp-us-central1_4096_2","Cloud Enterprise, GCP us-central1 (Iowa), gcp.es.datahot.n2.68x10x45, 4GB, 2AZ","RAM Hours","24","24","hour","0.4472","10.7328","deployment"
"2025-10-28 - 2025-10-28","58b2dafd80404fa9accf679bd3f711e8","Wuling","Cloud-Enterprise_gcp.es.datawarm.n2.68x10x190_gcp-us-central1_2048_1","Cloud Enterprise, GCP us-central1 (Iowa), gcp.es.datawarm.n2.68x10x190, 2GB, 1AZ","RAM Hours","24","24","hour","0.143","3.432","deployment"
"2025-10-28 - 2025-10-28","58b2dafd80404fa9accf679bd3f711e8","Wuling","Cloud-Enterprise_gcp.kibana.n2.68x32x45_gcp-us-central1_1024_1","Cloud Enterprise, GCP us-central1 (Iowa), gcp.kibana.n2.68x32x45, 1GB, 1AZ","RAM Hours","24","24","hour","0","0","deployment"
"2025-10-28 - 2025-10-28","58b2dafd80404fa9accf679bd3f711e8","Wuling","gcp.data-transfer-in","GCP Data Transfer In","data-transfer-in","3.444498669356107711791992188","3.444498669356107711791992188","GB","0","0","deployment"
"2025-10-28 - 2025-10-28","58b2dafd80404fa9accf679bd3f711e8","Wuling","gcp.data-transfer-out","GCP Data Transfer Out","data-transfer-out","0.1762243071570992469787597656","0.1762243071570992469787597656","GB","0.05","0.0088","deployment"
"2025-10-28 - 2025-10-28","58b2dafd80404fa9accf679bd3f711e8","Wuling","gcp.data-transfer-inter-node","GCP Data Transfer Inter-Node","data-transfer-inter-node","21.79578077886253595352172852","21.79578077886253595352172852","GB","0.016","0.3487","deployment"
"2025-10-28 - 2025-10-28","58b2dafd80404fa9accf679bd3f711e8","Wuling","gcp.snapshot-storage","GCP Snapshot Storage","snapshot-storage","2.897064280100367082062587943","2.897064280100367082062587943","GB","0.033","0.0956","deployment"
"2025-10-28 - 2025-10-28","58b2dafd80404fa9accf679bd3f711e8","Wuling","gcp.snapshot-api-1k","GCP Snapshot Storage API","snapshot-api-1k","83","83","1000 API Calls","0.0018","0.1494","deployment"
"2025-10-28 - 2025-10-28","58b2dafd80404fa9accf679bd3f711e8","Wuling","global.synthetics-browser","Synthetics Browser","synthetics-browser","0","0","test","0.0123","0","deployment"
"2025-10-28 - 2025-10-28","58b2dafd80404fa9accf679bd3f711e8","Wuling","global.synthetics-lightweight","Synthetics Lightweight","synthetics-lightweight","0","0","region","28","0","deployment"
"2025-10-28 - 2025-10-28","66f7c889228c44019bcc9467cda18b78","Hadrian","Cloud-Enterprise_gcp.integrationsserver.n2.68x32x45.2_gcp-us-central1_1024_1","Cloud Enterprise, GCP us-central1 (Iowa), gcp.integrationsserver.n2.68x32x45.2, 1GB, 1AZ","RAM Hours","24","24","hour","0","0","deployment"
"2025-10-28 - 2025-10-28","66f7c889228c44019bcc9467cda18b78","Hadrian","Cloud-Enterprise_gcp.es.datafrozen.n2.68x10x90_gcp-us-central1_4096_1","Cloud Enterprise, GCP us-central1 (Iowa), gcp.es.datafrozen.n2.68x10x90, 4GB, 1AZ","RAM Hours","24","24","hour","0.2296","5.5104","deployment"
"2025-10-28 - 2025-10-28","66f7c889228c44019bcc9467cda18b78","Hadrian","Cloud-Enterprise_gcp.es.datahot.n2.68x10x45_gcp-us-central1_4096_2","Cloud Enterprise, GCP us-central1 (Iowa), gcp.es.datahot.n2.68x10x45, 4GB, 2AZ","RAM Hours","24","24","hour","0.4472","10.7328","deployment"
"2025-10-28 - 2025-10-28","66f7c889228c44019bcc9467cda18b78","Hadrian","Cloud-Enterprise_gcp.es.datawarm.n2.68x10x190_gcp-us-central1_2048_2","Cloud Enterprise, GCP us-central1 (Iowa), gcp.es.datawarm.n2.68x10x190, 2GB, 2AZ","RAM Hours","24","24","hour","0.286","6.864","deployment"
"2025-10-28 - 2025-10-28","66f7c889228c44019bcc9467cda18b78","Hadrian","Cloud-Enterprise_gcp.kibana.n2.68x32x45_gcp-us-central1_2048_2","Cloud Enterprise, GCP us-central1 (Iowa), gcp.kibana.n2.68x32x45, 2GB, 2AZ","RAM Hours","24","24","hour","0.2804","6.7296","deployment"
"2025-10-28 - 2025-10-28","66f7c889228c44019bcc9467cda18b78","Hadrian","gcp.data-transfer-in","GCP Data Transfer In","data-transfer-in","3.134020905941724777221679688","3.134020905941724777221679688","GB","0","0","deployment"
"2025-10-28 - 2025-10-28","66f7c889228c44019bcc9467cda18b78","Hadrian","gcp.data-transfer-out","GCP Data Transfer Out","data-transfer-out","0.2523108450695872306823730469","0.2523108450695872306823730469","GB","0.05","0.0126","deployment"
"2025-10-28 - 2025-10-28","66f7c889228c44019bcc9467cda18b78","Hadrian","gcp.data-transfer-inter-node","GCP Data Transfer Inter-Node","data-transfer-inter-node","24.10281078424304723739624023","24.10281078424304723739624023","GB","0.016","0.3856","deployment"
"2025-10-28 - 2025-10-28","66f7c889228c44019bcc9467cda18b78","Hadrian","gcp.snapshot-storage","GCP Snapshot Storage","snapshot-storage","1.513289528656049921948422668","1.513289528656049921948422668","GB","0.033","0.0499","deployment"
"2025-10-28 - 2025-10-28","66f7c889228c44019bcc9467cda18b78","Hadrian","gcp.snapshot-api-1k","GCP Snapshot Storage API","snapshot-api-1k","110","110","1000 API Calls","0.0018","0.198","deployment"
"2025-10-28 - 2025-10-28","66f7c889228c44019bcc9467cda18b78","Hadrian","global.synthetics-browser","Synthetics Browser","synthetics-browser","0","0","test","0.0123","0","deployment"
"2025-10-28 - 2025-10-28","66f7c889228c44019bcc9467cda18b78","Hadrian","global.synthetics-lightweight","Synthetics Lightweight","synthetics-lightweight","0","0","region","28","0","deployment"
"2025-10-28 - 2025-10-28","6bf6f3137fc140b2b71e0133fe8cd21f","Washington","Cloud-Enterprise_gcp.apm.n2.68x32x45.2_gcp-us-central1_1024_1","Cloud Enterprise, GCP us-central1 (Iowa), gcp.apm.n2.68x32x45.2, 1GB, 1AZ","RAM Hours","24","24","hour","0","0","deployment"
"2025-10-28 - 2025-10-28","6bf6f3137fc140b2b71e0133fe8cd21f","Washington","Cloud-Enterprise_gcp.es.datacold.n2.68x10x190_gcp-us-central1_2048_1","Cloud Enterprise, GCP us-central1 (Iowa), gcp.es.datacold.n2.68x10x190, 2GB, 1AZ","RAM Hours","24","24","hour","0.143","3.432","deployment"
"2025-10-28 - 2025-10-28","6bf6f3137fc140b2b71e0133fe8cd21f","Washington","Cloud-Enterprise_gcp.es.datafrozen.n2.68x10x90_gcp-us-central1_65536_2","Cloud Enterprise, GCP us-central1 (Iowa), gcp.es.datafrozen.n2.68x10x90, 64GB, 2AZ","RAM Hours","24","24","hour","7.3472","176.3328","deployment"
"2025-10-28 - 2025-10-28","6bf6f3137fc140b2b71e0133fe8cd21f","Washington","Cloud-Enterprise_gcp.es.datahot.n2.68x32x45_gcp-us-central1_65536_2","Cloud Enterprise, GCP us-central1 (Iowa), gcp.es.datahot.n2.68x32x45, 64GB, 2AZ","RAM Hours","24","24","hour","8.9728","215.3472","deployment"
"2025-10-28 - 2025-10-28","6bf6f3137fc140b2b71e0133fe8cd21f","Washington","Cloud-Enterprise_gcp.es.datawarm.n2.68x10x190_gcp-us-central1_65536_2","Cloud Enterprise, GCP us-central1 (Iowa), gcp.es.datawarm.n2.68x10x190, 64GB, 2AZ","RAM Hours","24","24","hour","9.152","219.648","deployment"
"2025-10-28 - 2025-10-28","6bf6f3137fc140b2b71e0133fe8cd21f","Washington","Cloud-Enterprise_gcp.es.master.n2.68x32x45.2_gcp-us-central1_2048_3","Cloud Enterprise, GCP us-central1 (Iowa), gcp.es.master.n2.68x32x45.2, 2GB, 3AZ","RAM Hours","24","24","hour","0.4206","10.0944","deployment"
"2025-10-28 - 2025-10-28","6bf6f3137fc140b2b71e0133fe8cd21f","Washington","Cloud-Enterprise_gcp.kibana.n2.68x32x45_gcp-us-central1_4096_2","Cloud Enterprise, GCP us-central1 (Iowa), gcp.kibana.n2.68x32x45, 4GB, 2AZ","RAM Hours","24","24","hour","0.5608","13.4592","deployment"
"2025-10-28 - 2025-10-28","6bf6f3137fc140b2b71e0133fe8cd21f","Washington","gcp.data-transfer-in","GCP Data Transfer In","data-transfer-in","874.6479387870058417320251465","874.6479387870058417320251465","GB","0","0","deployment"
"2025-10-28 - 2025-10-28","6bf6f3137fc140b2b71e0133fe8cd21f","Washington","gcp.data-transfer-out","GCP Data Transfer Out","data-transfer-out","18.78257632628083229064941406","18.78257632628083229064941406","GB","0.05","0.9391","deployment"
"2025-10-28 - 2025-10-28","6bf6f3137fc140b2b71e0133fe8cd21f","Washington","gcp.data-transfer-inter-node","GCP Data Transfer Inter-Node","data-transfer-inter-node","1773.589272386394441127777100","1773.589272386394441127777100","GB","0.016","28.3774","deployment"
"2025-10-28 - 2025-10-28","6bf6f3137fc140b2b71e0133fe8cd21f","Washington","gcp.snapshot-storage","GCP Snapshot Storage","snapshot-storage","1763.522370173916300778747887","1763.522370173916300778747887","GB","0.033","58.1962","deployment"
"2025-10-28 - 2025-10-28","6bf6f3137fc140b2b71e0133fe8cd21f","Washington","gcp.snapshot-api-1k","GCP Snapshot Storage API","snapshot-api-1k","1705","1705","1000 API Calls","0.0018","3.069","deployment"
"2025-10-28 - 2025-10-28","6bf6f3137fc140b2b71e0133fe8cd21f","Washington","global.synthetics-browser","Synthetics Browser","synthetics-browser","0","0","test","0.0123","0","deployment"
"2025-10-28 - 2025-10-28","6bf6f3137fc140b2b71e0133fe8cd21f","Washington","global.synthetics-lightweight","Synthetics Lightweight","synthetics-lightweight","0","0","region","28","0","deployment"
"2025-10-28 - 2025-10-28","7bbae222175140de80f16e8080384a70","Maunakea","Cloud-Enterprise_gcp.integrationsserver.n2.68x32x45.2_gcp-us-central1_1024_1","Cloud Enterprise, GCP us-central1 (Iowa), gcp.integrationsserver.n2.68x32x45.2, 1GB, 1AZ","RAM Hours","24","24","hour","0","0","deployment"
"2025-10-28 - 2025-10-28","7bbae222175140de80f16e8080384a70","Maunakea","Cloud-Enterprise_gcp.es.datafrozen.n2.68x10x90_gcp-us-central1_8192_1","Cloud Enterprise, GCP us-central1 (Iowa), gcp.es.datafrozen.n2.68x10x90, 8GB, 1AZ","RAM Hours","24","24","hour","0.4592","11.0208","deployment"
"2025-10-28 - 2025-10-28","7bbae222175140de80f16e8080384a70","Maunakea","Cloud-Enterprise_gcp.es.datahot.n2.68x10x45_gcp-us-central1_8192_2","Cloud Enterprise, GCP us-central1 (Iowa), gcp.es.datahot.n2.68x10x45, 8GB, 2AZ","RAM Hours","24","24","hour","0.8944","21.4656","deployment"
"2025-10-28 - 2025-10-28","7bbae222175140de80f16e8080384a70","Maunakea","Cloud-Enterprise_gcp.es.datawarm.n2.68x10x190_gcp-us-central1_16384_2","Cloud Enterprise, GCP us-central1 (Iowa), gcp.es.datawarm.n2.68x10x190, 16GB, 2AZ","RAM Hours","24","24","hour","2.288","54.912","deployment"
"2025-10-28 - 2025-10-28","7bbae222175140de80f16e8080384a70","Maunakea","Cloud-Enterprise_gcp.kibana.n2.68x32x45_gcp-us-central1_1024_1","Cloud Enterprise, GCP us-central1 (Iowa), gcp.kibana.n2.68x32x45, 1GB, 1AZ","RAM Hours","24","24","hour","0","0","deployment"
"2025-10-28 - 2025-10-28","7bbae222175140de80f16e8080384a70","Maunakea","gcp.data-transfer-in","GCP Data Transfer In","data-transfer-in","21.28212618548423051834106445","21.28212618548423051834106445","GB","0","0","deployment"
"2025-10-28 - 2025-10-28","7bbae222175140de80f16e8080384a70","Maunakea","gcp.data-transfer-out","GCP Data Transfer Out","data-transfer-out","1.457121341489255428314208984","1.457121341489255428314208984","GB","0.05","0.0729","deployment"
"2025-10-28 - 2025-10-28","7bbae222175140de80f16e8080384a70","Maunakea","gcp.data-transfer-inter-node","GCP Data Transfer Inter-Node","data-transfer-inter-node","111.7960429685190320014953613","111.7960429685190320014953613","GB","0.016","1.7887","deployment"
"2025-10-28 - 2025-10-28","7bbae222175140de80f16e8080384a70","Maunakea","gcp.snapshot-storage","GCP Snapshot Storage","snapshot-storage","174.7737677236305429570136531","174.7737677236305429570136531","GB","0.033","5.7675","deployment"
"2025-10-28 - 2025-10-28","7bbae222175140de80f16e8080384a70","Maunakea","gcp.snapshot-api-1k","GCP Snapshot Storage API","snapshot-api-1k","176","176","1000 API Calls","0.0018","0.3168","deployment"
"2025-10-28 - 2025-10-28","7bbae222175140de80f16e8080384a70","Maunakea","global.synthetics-browser","Synthetics Browser","synthetics-browser","0","0","test","0.0123","0","deployment"
"2025-10-28 - 2025-10-28","7bbae222175140de80f16e8080384a70","Maunakea","global.synthetics-lightweight","Synthetics Lightweight","synthetics-lightweight","0","0","region","28","0","deployment"
"2025-10-28 - 2025-10-28","7e2a4ebe635e4ee1a6cfafa0d7dae88c","monitoring","Cloud-Enterprise_gcp.data.highio.1_gcp-us-central1_8192_2","Cloud Enterprise Data High I/O 1 GCP US Central (Iowa) 8 GB HA (2 Zones) SSD","RAM Hours","24","24","hour","0.7696","18.4704","deployment"
"2025-10-28 - 2025-10-28","7e2a4ebe635e4ee1a6cfafa0d7dae88c","monitoring","Cloud-Enterprise_gcp.data.highstorage.1_gcp-us-central1_4096_2","Cloud Enterprise Data High Storage 1 GCP US Central (Iowa) 4 GB HA (2 Zones) SSD","RAM Hours","24","24","hour","0.4872","11.6928","deployment"
"2025-10-28 - 2025-10-28","7e2a4ebe635e4ee1a6cfafa0d7dae88c","monitoring","Cloud-Enterprise_gcp.master.1_gcp-us-central1_1024_1","Cloud Enterprise Master 1 GCP US Central (Iowa) 1 GB non-HA SSD","RAM Hours","24","24","hour","0.0455","1.092","deployment"
"2025-10-28 - 2025-10-28","7e2a4ebe635e4ee1a6cfafa0d7dae88c","monitoring","Cloud-Enterprise_gcp.kibana.1_gcp-us-central1_2048_1","Cloud Enterprise Kibana 1 GCP US Central (Iowa) 2 GB non-HA SSD","RAM Hours","24","24","hour","0.1036","2.4864","deployment"
"2025-10-28 - 2025-10-28","7e2a4ebe635e4ee1a6cfafa0d7dae88c","monitoring","gcp.data-transfer-in","GCP Data Transfer In","data-transfer-in","55.77053685113787651062011719","55.77053685113787651062011719","GB","0","0","deployment"
"2025-10-28 - 2025-10-28","7e2a4ebe635e4ee1a6cfafa0d7dae88c","monitoring","gcp.data-transfer-out","GCP Data Transfer Out","data-transfer-out","2.864666389301419258117675781","2.864666389301419258117675781","GB","0.05","0.1432","deployment"
"2025-10-28 - 2025-10-28","7e2a4ebe635e4ee1a6cfafa0d7dae88c","monitoring","gcp.data-transfer-inter-node","GCP Data Transfer Inter-Node","data-transfer-inter-node","574.4035676755011081695556641","574.4035676755011081695556641","GB","0.016","9.1905","deployment"
"2025-10-28 - 2025-10-28","7e2a4ebe635e4ee1a6cfafa0d7dae88c","monitoring","gcp.snapshot-storage","GCP Snapshot Storage","snapshot-storage","33.31446584386836176597943870","33.31446584386836176597943870","GB","0.033","1.0994","deployment"
"2025-10-28 - 2025-10-28","7e2a4ebe635e4ee1a6cfafa0d7dae88c","monitoring","gcp.snapshot-api-1k","GCP Snapshot Storage API","snapshot-api-1k","599","599","1000 API Calls","0.0018","1.0782","deployment"
"2025-10-28 - 2025-10-28","7e2a4ebe635e4ee1a6cfafa0d7dae88c","monitoring","global.synthetics-browser","Synthetics Browser","synthetics-browser","0","0","test","0.0123","0","deployment"
"2025-10-28 - 2025-10-28","7e2a4ebe635e4ee1a6cfafa0d7dae88c","monitoring","global.synthetics-lightweight","Synthetics Lightweight","synthetics-lightweight","0","0","region","28","0","deployment"
"2025-10-28 - 2025-10-28","80db63d8cc29467995b9bc554ca57427","k2","Cloud-Enterprise_gcp.data.highio.1_gcp-us-central1_2048_1","Cloud Enterprise Data High I/O 1 GCP US Central (Iowa) 2 GB non-HA SSD","RAM Hours","24","24","hour","0.0962","2.3088","deployment"
"2025-10-28 - 2025-10-28","80db63d8cc29467995b9bc554ca57427","k2","Cloud-Enterprise_gcp.data.highstorage.1_gcp-us-central1_2048_1","Cloud Enterprise Data High Storage 1 GCP US Central (Iowa) 2 GB non-HA SSD","RAM Hours","48","48","hour","0.1218","5.8464","deployment"
"2025-10-28 - 2025-10-28","80db63d8cc29467995b9bc554ca57427","k2","Cloud-Enterprise_gcp.es.datafrozen.n2d.64x8x95_gcp-us-central1_8192_1","Cloud Enterprise Data Frozen n2d GCP US Central (Iowa) 8 GB non-HA SSD","RAM Hours","24","24","hour","0.4232","10.1568","deployment"
"2025-10-28 - 2025-10-28","80db63d8cc29467995b9bc554ca57427","k2","Cloud-Enterprise_gcp.kibana.1_gcp-us-central1_1024_1","Cloud Enterprise Kibana 1 GCP US Central (Iowa) 1 GB non-HA SSD","RAM Hours","24","24","hour","0","0","deployment"
"2025-10-28 - 2025-10-28","80db63d8cc29467995b9bc554ca57427","k2","gcp.data-transfer-in","GCP Data Transfer In","data-transfer-in","1.587841213680803775787353516","1.587841213680803775787353516","GB","0","0","deployment"
"2025-10-28 - 2025-10-28","80db63d8cc29467995b9bc554ca57427","k2","gcp.data-transfer-out","GCP Data Transfer Out","data-transfer-out","0.1106887422502040863037109375","0.1106887422502040863037109375","GB","0.05","0.0055","deployment"
"2025-10-28 - 2025-10-28","80db63d8cc29467995b9bc554ca57427","k2","gcp.data-transfer-inter-node","GCP Data Transfer Inter-Node","data-transfer-inter-node","26.05552971642464399337768555","26.05552971642464399337768555","GB","0.016","0.4169","deployment"
"2025-10-28 - 2025-10-28","80db63d8cc29467995b9bc554ca57427","k2","gcp.snapshot-storage","GCP Snapshot Storage","snapshot-storage","17.15375648192330313626156059","17.15375648192330313626156059","GB","0.033","0.5661","deployment"
"2025-10-28 - 2025-10-28","80db63d8cc29467995b9bc554ca57427","k2","gcp.snapshot-api-1k","GCP Snapshot Storage API","snapshot-api-1k","204","204","1000 API Calls","0.0018","0.3672","deployment"
"2025-10-28 - 2025-10-28","80db63d8cc29467995b9bc554ca57427","k2","global.synthetics-browser","Synthetics Browser","synthetics-browser","0","0","test","0.0123","0","deployment"
"2025-10-28 - 2025-10-28","80db63d8cc29467995b9bc554ca57427","k2","global.synthetics-lightweight","Synthetics Lightweight","synthetics-lightweight","0","0","region","28","0","deployment"
"2025-10-28 - 2025-10-28","9ec388cfab104afd91cb105fa66c1891","fuji","Cloud-Enterprise_gcp.es.datacold.n2.68x10x190_gcp-us-central1_4096_2","Cloud Enterprise, GCP us-central1 (Iowa), gcp.es.datacold.n2.68x10x190, 4GB, 2AZ","RAM Hours","24","24","hour","0.572","13.728","deployment"
"2025-10-28 - 2025-10-28","9ec388cfab104afd91cb105fa66c1891","fuji","Cloud-Enterprise_gcp.es.datafrozen.n2.68x10x90_gcp-us-central1_16384_2","Cloud Enterprise, GCP us-central1 (Iowa), gcp.es.datafrozen.n2.68x10x90, 16GB, 2AZ","RAM Hours","24","24","hour","1.8368","44.0832","deployment"
"2025-10-28 - 2025-10-28","9ec388cfab104afd91cb105fa66c1891","fuji","Cloud-Enterprise_gcp.es.datahot.n2.68x32x45_gcp-us-central1_65536_2","Cloud Enterprise, GCP us-central1 (Iowa), gcp.es.datahot.n2.68x32x45, 64GB, 2AZ","RAM Hours","24","24","hour","8.9728","215.3472","deployment"
"2025-10-28 - 2025-10-28","9ec388cfab104afd91cb105fa66c1891","fuji","Cloud-Enterprise_gcp.es.datawarm.n2.68x10x190_gcp-us-central1_32768_2","Cloud Enterprise, GCP us-central1 (Iowa), gcp.es.datawarm.n2.68x10x190, 32GB, 2AZ","RAM Hours","24","24","hour","4.576","109.824","deployment"
"2025-10-28 - 2025-10-28","9ec388cfab104afd91cb105fa66c1891","fuji","Cloud-Enterprise_gcp.es.master.n2.68x32x45.2_gcp-us-central1_4096_3","Cloud Enterprise, GCP us-central1 (Iowa), gcp.es.master.n2.68x32x45.2, 4GB, 3AZ","RAM Hours","24","24","hour","0.8412","20.1888","deployment"
"2025-10-28 - 2025-10-28","9ec388cfab104afd91cb105fa66c1891","fuji","Cloud-Enterprise_gcp.kibana.n2.68x32x45_gcp-us-central1_2048_2","Cloud Enterprise, GCP us-central1 (Iowa), gcp.kibana.n2.68x32x45, 2GB, 2AZ","RAM Hours","24","24","hour","0.2804","6.7296","deployment"
"2025-10-28 - 2025-10-28","9ec388cfab104afd91cb105fa66c1891","fuji","gcp.data-transfer-in","GCP Data Transfer In","data-transfer-in","329.0768283391371369361877441","329.0768283391371369361877441","GB","0","0","deployment"
"2025-10-28 - 2025-10-28","9ec388cfab104afd91cb105fa66c1891","fuji","gcp.data-transfer-out","GCP Data Transfer Out","data-transfer-out","10.63154538813978433609008789","10.63154538813978433609008789","GB","0.05","0.5316","deployment"
"2025-10-28 - 2025-10-28","9ec388cfab104afd91cb105fa66c1891","fuji","gcp.data-transfer-inter-node","GCP Data Transfer Inter-Node","data-transfer-inter-node","1397.191051697358489036560059","1397.191051697358489036560059","GB","0.016","22.3551","deployment"
"2025-10-28 - 2025-10-28","9ec388cfab104afd91cb105fa66c1891","fuji","gcp.snapshot-storage","GCP Snapshot Storage","snapshot-storage","430.5181822336844659300260646","430.5181822336844659300260646","GB","0.033","14.2071","deployment"
"2025-10-28 - 2025-10-28","9ec388cfab104afd91cb105fa66c1891","fuji","gcp.snapshot-api-1k","GCP Snapshot Storage API","snapshot-api-1k","2468","2468","1000 API Calls","0.0018","4.4424","deployment"
"2025-10-28 - 2025-10-28","9ec388cfab104afd91cb105fa66c1891","fuji","global.synthetics-browser","Synthetics Browser","synthetics-browser","0","0","test","0.0123","0","deployment"
"2025-10-28 - 2025-10-28","9ec388cfab104afd91cb105fa66c1891","fuji","global.synthetics-lightweight","Synthetics Lightweight","synthetics-lightweight","0","0","region","28","0","deployment"
"2025-10-28 - 2025-10-28","afbe1894abe74f6684dcd21e462b8a68","bg-development","Cloud-Enterprise_aws.apm.c5d.2_us-east-1_8192_1","Cloud Enterprise, AWS us-east-1 (N. Virginia), aws.apm.c5d.2, 8GB, 1AZ","RAM Hours","24","24","hour","0.58","13.92","deployment"
"2025-10-28 - 2025-10-28","afbe1894abe74f6684dcd21e462b8a68","bg-development","Cloud-Enterprise_aws.es.datacold.i3en.2_us-east-1_2048_2","Cloud Enterprise, AWS us-east-1 (N. Virginia), aws.es.datacold.i3en.2, 2GB, 2AZ","RAM Hours","24","24","hour","0.2292","5.5008","deployment"
"2025-10-28 - 2025-10-28","afbe1894abe74f6684dcd21e462b8a68","bg-development","Cloud-Enterprise_aws.es.datafrozen.i3en.2_us-east-1_8192_2","Cloud Enterprise, AWS us-east-1 (N. Virginia), aws.es.datafrozen.i3en.2, 8GB, 2AZ","RAM Hours","24","24","hour","0.9168","22.0032","deployment"
"2025-10-28 - 2025-10-28","afbe1894abe74f6684dcd21e462b8a68","bg-development","Cloud-Enterprise_aws.es.datahot.i3_us-east-1_118784_2","Cloud Enterprise, AWS us-east-1 (N. Virginia), aws.es.datahot.i3, 116GB, 2AZ","RAM Hours","24","24","hour","10.8112","259.4688","deployment"
"2025-10-28 - 2025-10-28","afbe1894abe74f6684dcd21e462b8a68","bg-development","Cloud-Enterprise_aws.es.datawarm.i3en_us-east-1_61440_2","Cloud Enterprise, AWS us-east-1 (N. Virginia), aws.es.datawarm.i3en, 60GB, 2AZ","RAM Hours","24","24","hour","6.876","165.024","deployment"
"2025-10-28 - 2025-10-28","afbe1894abe74f6684dcd21e462b8a68","bg-development","Cloud-Enterprise_aws.es.master.c5d.2_us-east-1_8192_3","Cloud Enterprise, AWS us-east-1 (N. Virginia), aws.es.master.c5d.2, 8GB, 3AZ","RAM Hours","24","24","hour","1.74","41.76","deployment"
"2025-10-28 - 2025-10-28","afbe1894abe74f6684dcd21e462b8a68","bg-development","Cloud-Enterprise_aws.es.ml.c5d_us-east-1_1024_1","Cloud Enterprise, AWS us-east-1 (N. Virginia), aws.es.ml.c5d, 1GB, 1AZ","RAM Hours","24","24","hour","0","0","deployment"
"2025-10-28 - 2025-10-28","afbe1894abe74f6684dcd21e462b8a68","bg-development","Cloud-Enterprise_aws.kibana.c5d_us-east-1_2048_2","Cloud Enterprise, AWS us-east-1 (N. Virginia), aws.kibana.c5d, 2GB, 2AZ","RAM Hours","24","24","hour","0.29","6.96","deployment"
"2025-10-28 - 2025-10-28","afbe1894abe74f6684dcd21e462b8a68","bg-development","aws.data-transfer-in","AWS Data Transfer In","data-transfer-in","257.6270102271810173988342285","257.6270102271810173988342285","GB","0","0","deployment"
"2025-10-28 - 2025-10-28","afbe1894abe74f6684dcd21e462b8a68","bg-development","aws.data-transfer-out","AWS Data Transfer Out","data-transfer-out","46.03260061331093311309814453","46.03260061331093311309814453","GB","0.05","2.3016","deployment"
"2025-10-28 - 2025-10-28","afbe1894abe74f6684dcd21e462b8a68","bg-development","aws.data-transfer-inter-node","AWS Data Transfer Inter-Node","data-transfer-inter-node","1651.567320691421627998352051","1651.567320691421627998352051","GB","0.016","26.4251","deployment"
"2025-10-28 - 2025-10-28","afbe1894abe74f6684dcd21e462b8a68","bg-development","aws.snapshot-storage","AWS Snapshot Storage","snapshot-storage","384.0567139259812432110950511","384.0567139259812432110950511","GB","0.033","12.6739","deployment"
"2025-10-28 - 2025-10-28","afbe1894abe74f6684dcd21e462b8a68","bg-development","aws.snapshot-api-1k","AWS Snapshot Storage API","snapshot-api-1k","1588","1588","1000 API Calls","0.0018","2.8584","deployment"
"2025-10-28 - 2025-10-28","afbe1894abe74f6684dcd21e462b8a68","bg-development","global.synthetics-browser","Synthetics Browser","synthetics-browser","0","0","test","0.0123","0","deployment"
"2025-10-28 - 2025-10-28","afbe1894abe74f6684dcd21e462b8a68","bg-development","global.synthetics-lightweight","Synthetics Lightweight","synthetics-lightweight","0","0","region","28","0","deployment"
"2025-10-28 - 2025-10-28","b4cce7633f4545b8a4df64fdd9027586","Huron","Cloud-Enterprise_gcp.es.datacold.n2.68x10x190_gcp-us-central1_2048_1","Cloud Enterprise, GCP us-central1 (Iowa), gcp.es.datacold.n2.68x10x190, 2GB, 1AZ","RAM Hours","24","24","hour","0.143","3.432","deployment"
"2025-10-28 - 2025-10-28","b4cce7633f4545b8a4df64fdd9027586","Huron","Cloud-Enterprise_gcp.es.datafrozen.n2.68x10x90_gcp-us-central1_16384_1","Cloud Enterprise, GCP us-central1 (Iowa), gcp.es.datafrozen.n2.68x10x90, 16GB, 1AZ","RAM Hours","24","24","hour","0.9184","22.0416","deployment"
"2025-10-28 - 2025-10-28","b4cce7633f4545b8a4df64fdd9027586","Huron","Cloud-Enterprise_gcp.es.datahot.n2.68x10x45_gcp-us-central1_16384_2","Cloud Enterprise, GCP us-central1 (Iowa), gcp.es.datahot.n2.68x10x45, 16GB, 2AZ","RAM Hours","24","24","hour","1.7888","42.9312","deployment"
"2025-10-28 - 2025-10-28","b4cce7633f4545b8a4df64fdd9027586","Huron","Cloud-Enterprise_gcp.es.datawarm.n2.68x10x190_gcp-us-central1_8192_2","Cloud Enterprise, GCP us-central1 (Iowa), gcp.es.datawarm.n2.68x10x190, 8GB, 2AZ","RAM Hours","24","24","hour","1.144","27.456","deployment"
"2025-10-28 - 2025-10-28","b4cce7633f4545b8a4df64fdd9027586","Huron","Cloud-Enterprise_gcp.es.master.n2.68x32x45.2_gcp-us-central1_1024_3","Cloud Enterprise, GCP us-central1 (Iowa), gcp.es.master.n2.68x32x45.2, 1GB, 3AZ","RAM Hours","24","24","hour","0.2103","5.0472","deployment"
"2025-10-28 - 2025-10-28","b4cce7633f4545b8a4df64fdd9027586","Huron","Cloud-Enterprise_gcp.kibana.n2.68x32x45_gcp-us-central1_2048_2","Cloud Enterprise, GCP us-central1 (Iowa), gcp.kibana.n2.68x32x45, 2GB, 2AZ","RAM Hours","24","24","hour","0.2804","6.7296","deployment"
"2025-10-28 - 2025-10-28","b4cce7633f4545b8a4df64fdd9027586","Huron","gcp.data-transfer-in","GCP Data Transfer In","data-transfer-in","101.6435610344633460044860840","101.6435610344633460044860840","GB","0","0","deployment"
"2025-10-28 - 2025-10-28","b4cce7633f4545b8a4df64fdd9027586","Huron","gcp.data-transfer-out","GCP Data Transfer Out","data-transfer-out","3.391176510602235794067382812","3.391176510602235794067382812","GB","0.05","0.1696","deployment"
"2025-10-28 - 2025-10-28","b4cce7633f4545b8a4df64fdd9027586","Huron","gcp.data-transfer-inter-node","GCP Data Transfer Inter-Node","data-transfer-inter-node","328.5813195277005434036254883","328.5813195277005434036254883","GB","0.016","5.2573","deployment"
"2025-10-28 - 2025-10-28","b4cce7633f4545b8a4df64fdd9027586","Huron","gcp.snapshot-storage","GCP Snapshot Storage","snapshot-storage","112.1250969774380166043517410","112.1250969774380166043517410","GB","0.033","3.7001","deployment"
"2025-10-28 - 2025-10-28","b4cce7633f4545b8a4df64fdd9027586","Huron","gcp.snapshot-api-1k","GCP Snapshot Storage API","snapshot-api-1k","310","310","1000 API Calls","0.0018","0.558","deployment"
"2025-10-28 - 2025-10-28","b4cce7633f4545b8a4df64fdd9027586","Huron","global.synthetics-browser","Synthetics Browser","synthetics-browser","0","0","test","0.0123","0","deployment"
"2025-10-28 - 2025-10-28","b4cce7633f4545b8a4df64fdd9027586","Huron","global.synthetics-lightweight","Synthetics Lightweight","synthetics-lightweight","0","0","region","28","0","deployment"
"2025-10-28 - 2025-10-28","cf54d380db914748a9fe37126127157a","kennywood","Cloud-Enterprise_gcp.es.datafrozen.n2.68x10x90_gcp-us-central1_4096_1","Cloud Enterprise, GCP us-central1 (Iowa), gcp.es.datafrozen.n2.68x10x90, 4GB, 1AZ","RAM Hours","24","24","hour","0.2296","5.5104","deployment"
"2025-10-28 - 2025-10-28","cf54d380db914748a9fe37126127157a","kennywood","Cloud-Enterprise_gcp.es.datahot.n2.68x32x45_gcp-us-central1_4096_2","Cloud Enterprise, GCP us-central1 (Iowa), gcp.es.datahot.n2.68x32x45, 4GB, 2AZ","RAM Hours","24","24","hour","0.5608","13.4592","deployment"
"2025-10-28 - 2025-10-28","cf54d380db914748a9fe37126127157a","kennywood","Cloud-Enterprise_gcp.es.datawarm.n2.68x10x190_gcp-us-central1_2048_2","Cloud Enterprise, GCP us-central1 (Iowa), gcp.es.datawarm.n2.68x10x190, 2GB, 2AZ","RAM Hours","24","24","hour","0.286","6.864","deployment"
"2025-10-28 - 2025-10-28","cf54d380db914748a9fe37126127157a","kennywood","Cloud-Enterprise_gcp.kibana.n2.68x32x45_gcp-us-central1_2048_2","Cloud Enterprise, GCP us-central1 (Iowa), gcp.kibana.n2.68x32x45, 2GB, 2AZ","RAM Hours","24","24","hour","0.2804","6.7296","deployment"
"2025-10-28 - 2025-10-28","cf54d380db914748a9fe37126127157a","kennywood","gcp.data-transfer-in","GCP Data Transfer In","data-transfer-in","9.022913432680070400238037109","9.022913432680070400238037109","GB","0","0","deployment"
"2025-10-28 - 2025-10-28","cf54d380db914748a9fe37126127157a","kennywood","gcp.data-transfer-out","GCP Data Transfer Out","data-transfer-out","0.5002727275714278221130371094","0.5002727275714278221130371094","GB","0.05","0.025","deployment"
"2025-10-28 - 2025-10-28","cf54d380db914748a9fe37126127157a","kennywood","gcp.data-transfer-inter-node","GCP Data Transfer Inter-Node","data-transfer-inter-node","42.91189827118068933486938477","42.91189827118068933486938477","GB","0.016","0.6866","deployment"
"2025-10-28 - 2025-10-28","cf54d380db914748a9fe37126127157a","kennywood","gcp.snapshot-storage","GCP Snapshot Storage","snapshot-storage","16.30616792380404207975633683","16.30616792380404207975633683","GB","0.033","0.5381","deployment"
"2025-10-28 - 2025-10-28","cf54d380db914748a9fe37126127157a","kennywood","gcp.snapshot-api-1k","GCP Snapshot Storage API","snapshot-api-1k","178","178","1000 API Calls","0.0018","0.3204","deployment"
"2025-10-28 - 2025-10-28","cf54d380db914748a9fe37126127157a","kennywood","global.synthetics-browser","Synthetics Browser","synthetics-browser","0","0","test","0.0123","0","deployment"
"2025-10-28 - 2025-10-28","cf54d380db914748a9fe37126127157a","kennywood","global.synthetics-lightweight","Synthetics Lightweight","synthetics-lightweight","0","0","region","28","0","deployment"
"2025-10-28 - 2025-10-28","d39d6ec2d9f444e4aa2ec6ccdb88aca7","Sky","Cloud-Enterprise_gcp.integrationsserver.n2.68x32x45.2_gcp-us-central1_1024_1","Cloud Enterprise, GCP us-central1 (Iowa), gcp.integrationsserver.n2.68x32x45.2, 1GB, 1AZ","RAM Hours","24","24","hour","0","0","deployment"
"2025-10-28 - 2025-10-28","d39d6ec2d9f444e4aa2ec6ccdb88aca7","Sky","Cloud-Enterprise_gcp.es.datacold.n2.68x10x190_gcp-us-central1_2048_1","Cloud Enterprise, GCP us-central1 (Iowa), gcp.es.datacold.n2.68x10x190, 2GB, 1AZ","RAM Hours","24","24","hour","0.143","3.432","deployment"
"2025-10-28 - 2025-10-28","d39d6ec2d9f444e4aa2ec6ccdb88aca7","Sky","Cloud-Enterprise_gcp.es.datafrozen.n2.68x10x90_gcp-us-central1_4096_1","Cloud Enterprise, GCP us-central1 (Iowa), gcp.es.datafrozen.n2.68x10x90, 4GB, 1AZ","RAM Hours","24","24","hour","0.2296","5.5104","deployment"
"2025-10-28 - 2025-10-28","d39d6ec2d9f444e4aa2ec6ccdb88aca7","Sky","Cloud-Enterprise_gcp.es.datahot.n2.68x10x45_gcp-us-central1_8192_2","Cloud Enterprise, GCP us-central1 (Iowa), gcp.es.datahot.n2.68x10x45, 8GB, 2AZ","RAM Hours","24","24","hour","0.8944","21.4656","deployment"
"2025-10-28 - 2025-10-28","d39d6ec2d9f444e4aa2ec6ccdb88aca7","Sky","Cloud-Enterprise_gcp.es.datawarm.n2.68x10x190_gcp-us-central1_8192_2","Cloud Enterprise, GCP us-central1 (Iowa), gcp.es.datawarm.n2.68x10x190, 8GB, 2AZ","RAM Hours","24","24","hour","1.144","27.456","deployment"
"2025-10-28 - 2025-10-28","d39d6ec2d9f444e4aa2ec6ccdb88aca7","Sky","Cloud-Enterprise_gcp.es.master.n2.68x32x45.2_gcp-us-central1_4096_3","Cloud Enterprise, GCP us-central1 (Iowa), gcp.es.master.n2.68x32x45.2, 4GB, 3AZ","RAM Hours","24","24","hour","0.8412","20.1888","deployment"
"2025-10-28 - 2025-10-28","d39d6ec2d9f444e4aa2ec6ccdb88aca7","Sky","Cloud-Enterprise_gcp.kibana.n2.68x32x45_gcp-us-central1_1024_2","Cloud Enterprise, GCP us-central1 (Iowa), gcp.kibana.n2.68x32x45, 1GB, 2AZ","RAM Hours","24","24","hour","0.1402","3.3648","deployment"
"2025-10-28 - 2025-10-28","d39d6ec2d9f444e4aa2ec6ccdb88aca7","Sky","gcp.data-transfer-in","GCP Data Transfer In","data-transfer-in","22.27219160553067922592163086","22.27219160553067922592163086","GB","0","0","deployment"
"2025-10-28 - 2025-10-28","d39d6ec2d9f444e4aa2ec6ccdb88aca7","Sky","gcp.data-transfer-out","GCP Data Transfer Out","data-transfer-out","0.7007553912699222564697265625","0.7007553912699222564697265625","GB","0.05","0.035","deployment"
"2025-10-28 - 2025-10-28","d39d6ec2d9f444e4aa2ec6ccdb88aca7","Sky","gcp.data-transfer-inter-node","GCP Data Transfer Inter-Node","data-transfer-inter-node","136.8290471453219652175903320","136.8290471453219652175903320","GB","0.016","2.1893","deployment"
"2025-10-28 - 2025-10-28","d39d6ec2d9f444e4aa2ec6ccdb88aca7","Sky","gcp.snapshot-storage","GCP Snapshot Storage","snapshot-storage","36.24952106187445542184255457","36.24952106187445542184255457","GB","0.033","1.1962","deployment"
"2025-10-28 - 2025-10-28","d39d6ec2d9f444e4aa2ec6ccdb88aca7","Sky","gcp.snapshot-api-1k","GCP Snapshot Storage API","snapshot-api-1k","247","247","1000 API Calls","0.0018","0.4446","deployment"
"2025-10-28 - 2025-10-28","d39d6ec2d9f444e4aa2ec6ccdb88aca7","Sky","global.synthetics-browser","Synthetics Browser","synthetics-browser","0","0","test","0.0123","0","deployment"
"2025-10-28 - 2025-10-28","d39d6ec2d9f444e4aa2ec6ccdb88aca7","Sky","global.synthetics-lightweight","Synthetics Lightweight","synthetics-lightweight","0","0","region","28","0","deployment"
"2025-10-28 - 2025-10-28","db1ad9213d644aad97ea9d05e9f02f83","Britton","Cloud-Enterprise_gcp.es.datacold.n2.68x10x190_gcp-us-central1_2048_1","Cloud Enterprise, GCP us-central1 (Iowa), gcp.es.datacold.n2.68x10x190, 2GB, 1AZ","RAM Hours","24","24","hour","0.143","3.432","deployment"
"2025-10-28 - 2025-10-28","db1ad9213d644aad97ea9d05e9f02f83","Britton","Cloud-Enterprise_gcp.es.datafrozen.n2.68x10x95_gcp-us-central1_16384_1","Cloud Enterprise, GCP us-central1 (Iowa), gcp.es.datafrozen.n2.68x10x95, 16GB, 1AZ","RAM Hours","24","24","hour","0.9184","22.0416","deployment"
"2025-10-28 - 2025-10-28","db1ad9213d644aad97ea9d05e9f02f83","Britton","Cloud-Enterprise_gcp.es.datahot.n2.68x10x45_gcp-us-central1_8192_2","Cloud Enterprise, GCP us-central1 (Iowa), gcp.es.datahot.n2.68x10x45, 8GB, 2AZ","RAM Hours","24","24","hour","0.8944","21.4656","deployment"
"2025-10-28 - 2025-10-28","db1ad9213d644aad97ea9d05e9f02f83","Britton","Cloud-Enterprise_gcp.es.datawarm.n2.68x10x190_gcp-us-central1_8192_2","Cloud Enterprise, GCP us-central1 (Iowa), gcp.es.datawarm.n2.68x10x190, 8GB, 2AZ","RAM Hours","24","24","hour","1.144","27.456","deployment"
"2025-10-28 - 2025-10-28","db1ad9213d644aad97ea9d05e9f02f83","Britton","Cloud-Enterprise_gcp.es.master.n2.68x32x45_gcp-us-central1_4096_3","Cloud Enterprise, GCP us-central1 (Iowa), gcp.es.master.n2.68x32x45, 4GB, 3AZ","RAM Hours","24","24","hour","0.8412","20.1888","deployment"
"2025-10-28 - 2025-10-28","db1ad9213d644aad97ea9d05e9f02f83","Britton","Cloud-Enterprise_gcp.kibana.n2.68x32x45_gcp-us-central1_2048_2","Cloud Enterprise, GCP us-central1 (Iowa), gcp.kibana.n2.68x32x45, 2GB, 2AZ","RAM Hours","24","24","hour","0.2804","6.7296","deployment"
"2025-10-28 - 2025-10-28","db1ad9213d644aad97ea9d05e9f02f83","Britton","gcp.data-transfer-in","GCP Data Transfer In","data-transfer-in","62.43871145043522119522094727","62.43871145043522119522094727","GB","0","0","deployment"
"2025-10-28 - 2025-10-28","db1ad9213d644aad97ea9d05e9f02f83","Britton","gcp.data-transfer-out","GCP Data Transfer Out","data-transfer-out","2.679014682769775390625","2.679014682769775390625","GB","0.05","0.134","deployment"
"2025-10-28 - 2025-10-28","db1ad9213d644aad97ea9d05e9f02f83","Britton","gcp.data-transfer-inter-node","GCP Data Transfer Inter-Node","data-transfer-inter-node","131.5265564424917101860046387","131.5265564424917101860046387","GB","0.016","2.1044","deployment"
"2025-10-28 - 2025-10-28","db1ad9213d644aad97ea9d05e9f02f83","Britton","gcp.snapshot-storage","GCP Snapshot Storage","snapshot-storage","115.8788282619351120565527229","115.8788282619351120565527229","GB","0.033","3.824","deployment"
"2025-10-28 - 2025-10-28","db1ad9213d644aad97ea9d05e9f02f83","Britton","gcp.snapshot-api-1k","GCP Snapshot Storage API","snapshot-api-1k","231","231","1000 API Calls","0.0018","0.4158","deployment"
"2025-10-28 - 2025-10-28","db1ad9213d644aad97ea9d05e9f02f83","Britton","global.synthetics-browser","Synthetics Browser","synthetics-browser","0","0","test","0.0123","0","deployment"
"2025-10-28 - 2025-10-28","db1ad9213d644aad97ea9d05e9f02f83","Britton","global.synthetics-lightweight","Synthetics Lightweight","synthetics-lightweight","0","0","region","28","0","deployment"
